,y,x,osmid,highway,ref,geometry
375767081,1.3908289,103.8941221,375767081,traffic_signals,,POINT (103.8941221 1.3908289)
242958383,1.3885107,103.9060275,242958383,traffic_signals,,POINT (103.9060275 1.3885107)
242958389,1.3893131,103.906717,242958389,,,POINT (103.906717 1.3893131)
3600777293,1.4009044,103.896421,3600777293,,,POINT (103.896421 1.4009044)
5917409357,1.3956916,103.8962839,5917409357,,,POINT (103.8962839 1.3956916)
373096527,1.3955063,103.9167131,373096527,traffic_signals,,POINT (103.9167131 1.3955063)
373096523,1.3953907,103.9168727,373096523,traffic_signals,,POINT (103.9168727 1.3953907)
373096533,1.3982171,103.9129423,373096533,traffic_signals,,POINT (103.9129423 1.3982171)
375767150,1.3909121,103.8941561,375767150,traffic_signals,,POINT (103.8941561 1.3909121)
2383954067,1.4162118,103.8939579,2383954067,traffic_signals,,POINT (103.8939579 1.4162118)
242958494,1.3920505,103.9053021,242958494,traffic_signals,,POINT (103.9053021 1.3920505)
242958501,1.3959525,103.8946429,242958501,traffic_signals,,POINT (103.8946429 1.3959525)
2383954086,1.4163018,103.8940975,2383954086,traffic_signals,,POINT (103.8940975 1.4163018)
2383954088,1.4163803,103.8939969,2383954088,traffic_signals,,POINT (103.8939969 1.4163803)
2383954090,1.4162881,103.8938642,2383954090,traffic_signals,,POINT (103.8938642 1.4162881)
373096623,1.4009476,103.909135,373096623,traffic_signals,,POINT (103.909135 1.4009476)
373096628,1.4028932,103.9063671,373096628,traffic_signals,,POINT (103.9063671 1.4028932)
373096632,1.4029677,103.9062514,373096632,traffic_signals,,POINT (103.9062514 1.4029677)
373096643,1.4044437,103.9039067,373096643,traffic_signals,,POINT (103.9039067 1.4044437)
373096660,1.4061432,103.900832,373096660,traffic_signals,,POINT (103.900832 1.4061432)
3063316721,1.392406,103.9032118,3063316721,,,POINT (103.9032118 1.392406)
5270601985,1.3892623,103.9066912,5270601985,,,POINT (103.9066912 1.3892623)
5270601999,1.3903685,103.9086333,5270601999,,,POINT (103.9086333 1.3903685)
5270602004,1.3916982,103.9073467,5270602004,,,POINT (103.9073467 1.3916982)
3063316790,1.3925139,103.9007976,3063316790,,,POINT (103.9007976 1.3925139)
3063316802,1.3925199,103.9003074,3063316802,,,POINT (103.9003074 1.3925199)
369164641,1.391069,103.9014304,369164641,traffic_signals,,POINT (103.9014304 1.391069)
369164647,1.391069,103.9015477,369164647,traffic_signals,,POINT (103.9015477 1.391069)
4604821890,1.4110639,103.9000583,4604821890,,,POINT (103.9000583 1.4110639)
4604821891,1.4103577,103.8996931,4604821891,,,POINT (103.8996931 1.4103577)
4604821896,1.4111178,103.8998682,4604821896,,,POINT (103.8998682 1.4111178)
4604821900,1.4109642,103.8993976,4604821900,,,POINT (103.8993976 1.4109642)
4604821901,1.4108386,103.8993986,4604821901,,,POINT (103.8993986 1.4108386)
4604821907,1.4104325,103.8994801,4604821907,,,POINT (103.8994801 1.4104325)
369164759,1.3909628,103.9019322,369164759,,,POINT (103.9019322 1.3909628)
368902639,1.4028509,103.9062096,368902639,traffic_signals,,POINT (103.9062096 1.4028509)
5992186379,1.3876257,103.9129309,5992186379,motorway_junction,7,POINT (103.9129309 1.3876257)
373096980,1.4035157,103.9108485,373096980,traffic_signals,,POINT (103.9108485 1.4035157)
373096988,1.4010187,103.9090336,373096988,traffic_signals,,POINT (103.9090336 1.4010187)
373096990,1.4009033,103.908953,373096990,traffic_signals,,POINT (103.908953 1.4009033)
368902719,1.39991,103.9049553,368902719,traffic_signals,,POINT (103.9049553 1.39991)
6094013073,1.382163,103.9145093,6094013073,motorway_junction,,POINT (103.9145093 1.382163)
5218714341,1.4165403,103.8944884,5218714341,,,POINT (103.8944884 1.4165403)
4003660548,1.4027189,103.8910207,4003660548,traffic_signals,,POINT (103.8910207 1.4027189)
3089269529,1.4160145,103.8942834,3089269529,,,POINT (103.8942834 1.4160145)
369165131,1.3911259,103.9002789,369165131,,,POINT (103.9002789 1.3911259)
5992186786,1.3852137,103.9200116,5992186786,,,POINT (103.9200116 1.3852137)
5177263019,1.3972985,103.8979367,5177263019,,,POINT (103.8979367 1.3972985)
369165233,1.3899805,103.9043976,369165233,traffic_signals,,POINT (103.9043976 1.3899805)
369165261,1.3885868,103.9061196,369165261,traffic_signals,,POINT (103.9061196 1.3885868)
376194047,1.4064775,103.8977348,376194047,traffic_signals,,POINT (103.8977348 1.4064775)
4598842390,1.4031587,103.8973564,4598842390,,,POINT (103.8973564 1.4031587)
376194074,1.4064641,103.8975106,376194074,traffic_signals,,POINT (103.8975106 1.4064641)
4598842409,1.386609,103.893506,4598842409,,,POINT (103.893506 1.386609)
4598842414,1.3863262,103.8936455,4598842414,,,POINT (103.8936455 1.3863262)
4598842415,1.3862923,103.8937905,4598842415,,,POINT (103.8937905 1.3862923)
4598842420,1.3862327,103.8913175,4598842420,,,POINT (103.8913175 1.3862327)
4598842424,1.3864756,103.891771,4598842424,,,POINT (103.891771 1.3864756)
4598842425,1.3866059,103.8919465,4598842425,,,POINT (103.8919465 1.3866059)
4598842429,1.3869328,103.8915616,4598842429,,,POINT (103.8915616 1.3869328)
4598842430,1.386918,103.8913988,4598842430,,,POINT (103.8913988 1.386918)
4598842433,1.3866843,103.8909328,4598842433,,,POINT (103.8909328 1.3866843)
4598842434,1.3865711,103.8908968,4598842434,,,POINT (103.8908968 1.3865711)
4598842438,1.3861779,103.8911566,4598842438,,,POINT (103.8911566 1.3861779)
6578324592,1.3866089,103.9135644,6578324592,,,POINT (103.9135644 1.3866089)
5256742059,1.4087668,103.9020851,5256742059,,,POINT (103.9020851 1.4087668)
5256742063,1.4086997,103.9019302,5256742063,,,POINT (103.9019302 1.4086997)
4430972250,1.3863446,103.907118,4430972250,,,POINT (103.907118 1.3863446)
4430972254,1.3867283,103.907802,4430972254,,,POINT (103.907802 1.3867283)
4430972257,1.386802,103.9072858,4430972257,,,POINT (103.9072858 1.386802)
1166755173,1.3951853,103.9060462,1166755173,,,POINT (103.9060462 1.3951853)
4430972262,1.3884837,103.8942674,4430972262,,,POINT (103.8942674 1.3884837)
4430972260,1.3869217,103.907319,4430972260,,,POINT (103.907319 1.3869217)
4430972261,1.3884376,103.8944233,4430972261,,,POINT (103.8944233 1.3884376)
4430972268,1.3888192,103.8941189,4430972268,,,POINT (103.8941189 1.3888192)
4430972269,1.389179,103.8923289,4430972269,,,POINT (103.8923289 1.389179)
4430972271,1.3892103,103.8921595,4430972271,,,POINT (103.8921595 1.3892103)
4430972266,1.3885875,103.8948328,4430972266,,,POINT (103.8948328 1.3885875)
4430972278,1.392948,103.8935915,4430972278,,,POINT (103.8935915 1.392948)
4430972279,1.3929748,103.8934691,4430972279,,,POINT (103.8934691 1.3929748)
4430972284,1.3931317,103.8941311,4430972284,,,POINT (103.8941311 1.3931317)
4430972286,1.3932787,103.8940567,4430972286,,,POINT (103.8940567 1.3932787)
133662081,1.4005659,103.8925021,133662081,motorway_junction,10,POINT (103.8925021 1.4005659)
4697965979,1.3932211,103.9135578,4697965979,,,POINT (103.9135578 1.3932211)
7085655548,1.4187138,103.9042031,7085655548,,,POINT (103.9042031 1.4187138)
7085655549,1.4187859,103.9041797,7085655549,,,POINT (103.9041797 1.4187859)
4430972546,1.3893432,103.892716,4430972546,,,POINT (103.892716 1.3893432)
4430972547,1.3894308,103.8927061,4430972547,,,POINT (103.8927061 1.3894308)
4430972553,1.3895702,103.8919711,4430972553,,,POINT (103.8919711 1.3895702)
4430972556,1.3896686,103.8919994,4430972556,,,POINT (103.8919994 1.3896686)
370099850,1.386449,103.9075624,370099850,traffic_signals,,POINT (103.9075624 1.386449)
4430972566,1.3898711,103.8923746,4430972566,,,POINT (103.8923746 1.3898711)
370099862,1.3865576,103.9075032,370099862,traffic_signals,,POINT (103.9075032 1.3865576)
4430972568,1.3898703,103.8925593,4430972568,,,POINT (103.8925593 1.3898703)
4430972572,1.4069518,103.8979135,4430972572,,,POINT (103.8979135 1.4069518)
3865151140,1.3817623,103.8929442,3865151140,,,POINT (103.8929442 1.3817623)
3865151141,1.3817626,103.8930454,3865151141,,,POINT (103.8930454 1.3817626)
3865151142,1.3876523,103.896484,3865151142,,,POINT (103.896484 1.3876523)
4430972589,1.3934101,103.893302,4430972589,,,POINT (103.893302 1.3934101)
4430972591,1.3935447,103.8932612,4430972591,,,POINT (103.8932612 1.3935447)
4430972596,1.3937341,103.8937255,4430972596,,,POINT (103.8937255 1.3937341)
4430972597,1.3937252,103.8938566,4430972597,,,POINT (103.8938566 1.3937252)
4430972624,1.406355,103.8980464,4430972624,,,POINT (103.8980464 1.406355)
4430972625,1.4064982,103.8982675,4430972625,,,POINT (103.8982675 1.4064982)
5277959903,1.391162,103.9134892,5277959903,,,POINT (103.9134892 1.391162)
4598826774,1.3965268,103.8932483,4598826774,,,POINT (103.8932483 1.3965268)
3865151260,1.3883211,103.8968028,3865151260,,,POINT (103.8968028 1.3883211)
3865151261,1.4034314,103.9112883,3865151261,,,POINT (103.9112883 1.4034314)
3865151270,1.4038829,103.9112305,3865151270,,,POINT (103.9112305 1.4038829)
3865151267,1.4038478,103.9107273,3865151267,,,POINT (103.9107273 1.4038478)
3865151269,1.4038826,103.9111292,3865151269,,,POINT (103.9111292 1.4038826)
2398078763,1.4208162,103.9084366,2398078763,,,POINT (103.9084366 1.4208162)
2398078765,1.4184465,103.9082862,2398078765,,,POINT (103.9082862 1.4184465)
2398078766,1.416129,103.905987,2398078766,,,POINT (103.905987 1.416129)
2398078767,1.4149863,103.9037679,2398078767,,,POINT (103.9037679 1.4149863)
2398078768,1.4154012,103.9032974,2398078768,turning_loop,,POINT (103.9032974 1.4154012)
2398078769,1.4142774,103.9031088,2398078769,,,POINT (103.9031088 1.4142774)
4598826805,1.3941188,103.890893,4598826805,,,POINT (103.890893 1.3941188)
4598826806,1.3942563,103.8908126,4598826806,,,POINT (103.8908126 1.3942563)
4598826817,1.3966666,103.8927599,4598826817,,,POINT (103.8927599 1.3966666)
4598826820,1.3968734,103.8930822,4598826820,,,POINT (103.8930822 1.3968734)
368920397,1.3953768,103.9109561,368920397,traffic_signals,,POINT (103.9109561 1.3953768)
368920400,1.3923954,103.9145328,368920400,traffic_signals,,POINT (103.9145328 1.3923954)
4598826851,1.3950106,103.899141,4598826851,traffic_signals,,POINT (103.899141 1.3950106)
4598826863,1.3977114,103.8878708,4598826863,,,POINT (103.8878708 1.3977114)
4598826881,1.3968533,103.8913024,4598826881,,,POINT (103.8913024 1.3968533)
4598826885,1.3966549,103.890854,4598826885,,,POINT (103.890854 1.3966549)
5842946044,1.4181948,103.9098132,5842946044,traffic_signals,,POINT (103.9098132 1.4181948)
5842946045,1.4180892,103.9098038,5842946045,traffic_signals,,POINT (103.9098038 1.4180892)
4715317285,1.3861107,103.9019193,4715317285,,,POINT (103.9019193 1.3861107)
368937029,1.4195508,103.9096659,368937029,,,POINT (103.9096659 1.4195508)
368937035,1.4187444,103.9083146,368937035,,,POINT (103.9083146 1.4187444)
368937039,1.4197347,103.9089657,368937039,,,POINT (103.9089657 1.4197347)
369166424,1.4063536,103.8974777,369166424,traffic_signals,,POINT (103.8974777 1.4063536)
4427352168,1.3995537,103.9049717,4427352168,,,POINT (103.9049717 1.3995537)
4427352169,1.399602,103.9048079,4427352169,,,POINT (103.9048079 1.399602)
4427352175,1.3998295,103.9054033,4427352175,,,POINT (103.9054033 1.3998295)
1167575152,1.4032213,103.9059194,1167575152,,,POINT (103.9059194 1.4032213)
4427352178,1.4000692,103.9046394,4427352178,,,POINT (103.9046394 1.4000692)
4427352180,1.4002649,103.9052784,4427352180,,,POINT (103.9052784 1.4002649)
4427352182,1.4002637,103.9046828,4427352182,,,POINT (103.9046828 1.4002637)
4427352184,1.400437,103.9051848,4427352184,,,POINT (103.9051848 1.400437)
4427352186,1.4041337,103.9036107,4427352186,,,POINT (103.9036107 1.4041337)
4427352185,1.4040922,103.9036825,4427352185,,,POINT (103.9036825 1.4040922)
4427352188,1.4041728,103.9041064,4427352188,,,POINT (103.9041064 1.4041728)
1167575172,1.4033855,103.9064076,1167575172,,,POINT (103.9064076 1.4033855)
369166473,1.4033917,103.8967028,369166473,traffic_signals,,POINT (103.8967028 1.4033917)
2274871522,1.3920644,103.9143094,2274871522,,,POINT (103.9143094 1.3920644)
369166625,1.4004692,103.896094,369166625,traffic_signals,,POINT (103.896094 1.4004692)
369150260,1.3864845,103.8912592,369150260,traffic_signals,,POINT (103.8912592 1.3864845)
369150261,1.3864588,103.891404,369150261,traffic_signals,,POINT (103.891404 1.3864588)
2274871610,1.3924431,103.9142648,2274871610,,,POINT (103.9142648 1.3924431)
369150271,1.3865538,103.8938713,369150271,traffic_signals,,POINT (103.8938713 1.3865538)
4427352391,1.4043433,103.904112,4427352391,,,POINT (103.904112 1.4043433)
4427352394,1.4045121,103.9035255,4427352394,,,POINT (103.9035255 1.4045121)
4427352397,1.4046355,103.9035531,4427352397,,,POINT (103.9035531 1.4046355)
4427352399,1.4046882,103.9040443,4427352399,,,POINT (103.9040443 1.4046882)
4427352400,1.4047209,103.9039627,4427352400,,,POINT (103.9039627 1.4047209)
368904530,1.4212297,103.9106387,368904530,turning_circle,,POINT (103.9106387 1.4212297)
2274871671,1.3926882,103.9141667,2274871671,,,POINT (103.9141667 1.3926882)
2274871672,1.3926905,103.9147461,2274871672,,,POINT (103.9147461 1.3926905)
3063318967,1.3931626,103.9007183,3063318967,,,POINT (103.9007183 1.3931626)
4423617162,1.418523,103.9067974,4423617162,traffic_signals,,POINT (103.9067974 1.418523)
4478225238,1.3918552,103.8980515,4478225238,traffic_signals,,POINT (103.8980515 1.3918552)
4478225239,1.3917723,103.8980237,4478225239,traffic_signals,,POINT (103.8980237 1.3917723)
3593817002,1.3918496,103.9151064,3593817002,,,POINT (103.9151064 1.3918496)
368921576,1.4033694,103.8968902,368921576,traffic_signals,,POINT (103.8968902 1.4033694)
368921578,1.4026412,103.8994279,368921578,traffic_signals,,POINT (103.8994279 1.4026412)
411683825,1.3951851,103.9109343,411683825,traffic_signals,,POINT (103.9109343 1.3951851)
411683826,1.3953097,103.9110416,411683826,traffic_signals,,POINT (103.9110416 1.3953097)
368921589,1.398188,103.9072047,368921589,traffic_signals,,POINT (103.9072047 1.398188)
5218798666,1.4157617,103.9004772,5218798666,,,POINT (103.9004772 1.4157617)
5218798670,1.4160589,103.9004561,5218798670,,,POINT (103.9004561 1.4160589)
5218798671,1.4156473,103.9005078,5218798671,,,POINT (103.9005078 1.4156473)
5218798699,1.4163786,103.9007089,5218798699,,,POINT (103.9007089 1.4163786)
5218798703,1.41561,103.9001523,5218798703,,,POINT (103.9001523 1.41561)
5218798704,1.4158568,103.9002139,5218798704,,,POINT (103.9002139 1.4158568)
5218798705,1.4158199,103.9002719,5218798705,,,POINT (103.9002719 1.4158199)
5218798706,1.416032,103.900057,5218798706,,,POINT (103.900057 1.416032)
5218798708,1.4159271,103.9002637,5218798708,,,POINT (103.9002637 1.4159271)
5218798713,1.4147078,103.9013536,5218798713,,,POINT (103.9013536 1.4147078)
411684132,1.4013861,103.9020482,411684132,traffic_signals,,POINT (103.9020482 1.4013861)
411684133,1.4015093,103.902118,411684133,traffic_signals,,POINT (103.902118 1.4015093)
411684210,1.4014232,103.9019601,411684210,traffic_signals,,POINT (103.9019601 1.4014232)
411684211,1.4015578,103.9020308,411684211,traffic_signals,,POINT (103.9020308 1.4015578)
4463906452,1.4068843,103.9052635,4463906452,,,POINT (103.9052635 1.4068843)
4587589271,1.3978571,103.9189873,4587589271,,,POINT (103.9189873 1.3978571)
4587589274,1.3983128,103.9189459,4587589274,,,POINT (103.9189459 1.3983128)
4587589275,1.3976918,103.9185163,4587589275,,,POINT (103.9185163 1.3976918)
4587589278,1.3977145,103.9190383,4587589278,,,POINT (103.9190383 1.3977145)
4587589279,1.3983063,103.9187584,4587589279,,,POINT (103.9187584 1.3983063)
4587589282,1.3982663,103.9184148,4587589282,,,POINT (103.9184148 1.3982663)
4587589283,1.3981387,103.9183691,4587589283,,,POINT (103.9183691 1.3981387)
4587589286,1.3977989,103.918396,4587589286,,,POINT (103.918396 1.3977989)
4715318989,1.3878569,103.8969648,4715318989,,,POINT (103.8969648 1.3878569)
4715318992,1.3877234,103.8966104,4715318992,,,POINT (103.8966104 1.3877234)
1167544109,1.4062542,103.9006034,1167544109,,,POINT (103.9006034 1.4062542)
369168177,1.398601,103.8993273,369168177,,,POINT (103.8993273 1.398601)
1167544116,1.4064235,103.9009379,1167544116,,,POINT (103.9009379 1.4064235)
1167544136,1.4091749,103.9021503,1167544136,traffic_signals,,POINT (103.9021503 1.4091749)
5218422733,1.3950568,103.9166348,5218422733,,,POINT (103.9166348 1.3950568)
5218422734,1.3956857,103.917078,5218422734,,,POINT (103.917078 1.3956857)
2274873406,1.3951636,103.916461,2274873406,,,POINT (103.916461 1.3951636)
2274873468,1.3949263,103.9112259,2274873468,,,POINT (103.9112259 1.3949263)
2274873521,1.3949801,103.9107893,2274873521,,,POINT (103.9107893 1.3949801)
2274873529,1.3950152,103.9106897,2274873529,,,POINT (103.9106897 1.3950152)
3063320788,1.3940017,103.9018913,3063320788,,,POINT (103.9018913 1.3940017)
5684007129,1.4155929,103.9038259,5684007129,,,POINT (103.9038259 1.4155929)
2274873612,1.3951371,103.9112474,2274873612,,,POINT (103.9112474 1.3951371)
1748996424,1.4061252,103.9005046,1748996424,,,POINT (103.9005046 1.4061252)
1748996435,1.4092753,103.9021933,1748996435,traffic_signals,,POINT (103.9021933 1.4092753)
411685204,1.4025052,103.8993799,411685204,traffic_signals,,POINT (103.8993799 1.4025052)
1748996457,1.4106317,103.8998302,1748996457,traffic_signals,,POINT (103.8998302 1.4106317)
1748996467,1.4107161,103.8998795,1748996467,traffic_signals,,POINT (103.8998795 1.4107161)
1748996477,1.4128414,103.9007798,1748996477,traffic_signals,,POINT (103.9007798 1.4128414)
6958977488,1.4136597,103.9114863,6958977488,,,POINT (103.9114863 1.4136597)
6958977493,1.4130637,103.9116767,6958977493,,,POINT (103.9116767 1.4130637)
6958977497,1.4127883,103.9113032,6958977497,,,POINT (103.9113032 1.4127883)
6958977543,1.4131255,103.9113957,6958977543,,,POINT (103.9113957 1.4131255)
6958977545,1.413169,103.9112074,6958977545,,,POINT (103.9112074 1.413169)
2083328528,1.3990059,103.8957396,2083328528,,,POINT (103.8957396 1.3990059)
2083328532,1.3988661,103.895511,2083328532,,,POINT (103.895511 1.3988661)
2274873883,1.3954313,103.910618,2274873883,,,POINT (103.910618 1.3954313)
2083328564,1.4005277,103.8956561,2083328564,,,POINT (103.8956561 1.4005277)
7311741524,1.4167655,103.9117668,7311741524,,,POINT (103.9117668 1.4167655)
7311741528,1.4167797,103.9116561,7311741528,,,POINT (103.9116561 1.4167797)
2274873950,1.395549,103.9112139,2274873950,,,POINT (103.9112139 1.395549)
2274873982,1.3955405,103.9164202,2274873982,,,POINT (103.9164202 1.3955405)
2274874004,1.3956408,103.9111428,2274874004,,,POINT (103.9111428 1.3956408)
3063321303,1.3960092,103.8949515,3063321303,,,POINT (103.8949515 1.3960092)
3063321312,1.3960759,103.8942597,3063321312,,,POINT (103.8942597 1.3960759)
369169123,1.3980693,103.9007885,369169123,,,POINT (103.9007885 1.3980693)
4724544243,1.3867482,103.8936189,4724544243,,,POINT (103.8936189 1.3867482)
4724544247,1.3868604,103.8938041,4724544247,,,POINT (103.8938041 1.3868604)
2274874105,1.3957551,103.9168995,2274874105,,,POINT (103.9168995 1.3957551)
4587590412,1.3980396,103.9187428,4587590412,traffic_signals,,POINT (103.9187428 1.3980396)
4587590413,1.3981201,103.9186179,4587590413,traffic_signals,,POINT (103.9186179 1.3981201)
375771951,1.3900757,103.8962948,375771951,traffic_signals,,POINT (103.8962948 1.3900757)
2274874178,1.3955554,103.9107444,2274874178,,,POINT (103.9107444 1.3955554)
375771974,1.3901605,103.8963243,375771974,traffic_signals,,POINT (103.8963243 1.3901605)
370709327,1.388068,103.896623,370709327,traffic_signals,,POINT (103.896623 1.388068)
370709328,1.3887998,103.8945354,370709328,traffic_signals,,POINT (103.8945354 1.3887998)
375772010,1.3920372,103.8972887,375772010,,,POINT (103.8972887 1.3920372)
5214819190,1.3842083,103.8904596,5214819190,,,POINT (103.8904596 1.3842083)
2274874276,1.3956754,103.9164876,2274874276,,,POINT (103.9164876 1.3956754)
370709474,1.3867327,103.8937598,370709474,traffic_signals,,POINT (103.8937598 1.3867327)
370709478,1.3865795,103.8937168,370709478,traffic_signals,,POINT (103.8937168 1.3865795)
4459074649,1.3855179,103.8960862,4459074649,,,POINT (103.8960862 1.3855179)
4459074650,1.3855808,103.903176,4459074650,traffic_signals,,POINT (103.903176 1.3855808)
4459074652,1.3856427,103.9030572,4459074652,traffic_signals,,POINT (103.9030572 1.3856427)
4459074656,1.3858443,103.8955626,4459074656,,,POINT (103.8955626 1.3858443)
6958945384,1.4132223,103.9117164,6958945384,,,POINT (103.9117164 1.4132223)
4459074668,1.3859373,103.8959824,4459074668,,,POINT (103.8959824 1.3859373)
4459074669,1.3859233,103.9014757,4459074669,,,POINT (103.9014757 1.3859233)
4459074671,1.3859522,103.9015893,4459074671,,,POINT (103.9015893 1.3859522)
4459074680,1.3861491,103.8959677,4459074680,,,POINT (103.8959677 1.3861491)
370709625,1.3888462,103.8943852,370709625,traffic_signals,,POINT (103.8943852 1.3888462)
4459074681,1.3861813,103.9019244,4459074681,,,POINT (103.9019244 1.3861813)
370709629,1.3887442,103.8943542,370709629,traffic_signals,,POINT (103.8943542 1.3887442)
4459074684,1.386269,103.9017079,4459074684,traffic_signals,,POINT (103.9017079 1.386269)
4459074685,1.3863267,103.901358,4459074685,,,POINT (103.901358 1.3863267)
4459074688,1.3864124,103.9013315,4459074688,,,POINT (103.9013315 1.3864124)
6071833797,1.3885435,103.9235932,6071833797,,,POINT (103.9235932 1.3885435)
6071833798,1.3885814,103.9238179,6071833798,,,POINT (103.9238179 1.3885814)
4459074791,1.3864711,103.9017707,4459074791,,,POINT (103.9017707 1.3864711)
4459074793,1.3866807,103.9016788,4459074793,,,POINT (103.9016788 1.3866807)
4459074797,1.3883317,103.9061955,4459074797,,,POINT (103.9061955 1.3883317)
4459074800,1.3883954,103.9062771,4459074800,,,POINT (103.9062771 1.3883954)
4459074796,1.3883316,103.9058209,4459074796,,,POINT (103.9058209 1.3883316)
4459074803,1.3884183,103.9057594,4459074803,,,POINT (103.9057594 1.3884183)
3063321851,1.3939802,103.9017276,3063321851,,,POINT (103.9017276 1.3939802)
4459074812,1.3887455,103.9057656,4459074812,,,POINT (103.9057656 1.3887455)
4459074815,1.3888444,103.9058389,4459074815,,,POINT (103.9058389 1.3888444)
4459074817,1.3888505,103.9061784,4459074817,,,POINT (103.9061784 1.3888505)
4459074818,1.3942221,103.9013754,4459074818,traffic_signals,,POINT (103.9013754 1.3942221)
4459074813,1.3887531,103.9062846,4459074813,,,POINT (103.9062846 1.3887531)
250074521,1.3928003,103.8950718,250074521,,,POINT (103.8950718 1.3928003)
369939966,1.3964871,103.8929513,369939966,,,POINT (103.8929513 1.3964871)
369939974,1.396601,103.8929869,369939974,,,POINT (103.8929869 1.396601)
5965665957,1.4170238,103.9061279,5965665957,,,POINT (103.9061279 1.4170238)
5965665958,1.417062,103.9060465,5965665958,,,POINT (103.9060465 1.417062)
4604778167,1.4129217,103.9008184,4604778167,traffic_signals,,POINT (103.9008184 1.4129217)
4478228198,1.3899105,103.8970039,4478228198,,,POINT (103.8970039 1.3899105)
4478228201,1.390029,103.8973084,4478228201,,,POINT (103.8973084 1.390029)
4478228202,1.3894132,103.8970974,4478228202,,,POINT (103.8970974 1.3894132)
4478228205,1.3898448,103.8969609,4478228205,,,POINT (103.8969609 1.3898448)
5995730666,1.4160226,103.8937162,5995730666,,,POINT (103.8937162 1.4160226)
3063322492,1.3942271,103.9010627,3063322492,,,POINT (103.9010627 1.3942271)
5178349591,1.3918671,103.9051371,5178349591,,,POINT (103.9051371 1.3918671)
5178349595,1.3918201,103.9055408,5178349595,,,POINT (103.9055408 1.3918201)
2274875430,1.3978588,103.9126808,2274875430,,,POINT (103.9126808 1.3978588)
3063322690,1.3944413,103.9015132,3063322690,,,POINT (103.9015132 1.3944413)
3133462609,1.385295,103.8975252,3133462609,,,POINT (103.8975252 1.385295)
2274875480,1.3978418,103.9131969,2274875480,,,POINT (103.9131969 1.3978418)
5950822537,1.4075384,103.8852557,5950822537,,,POINT (103.8852557 1.4075384)
5950822538,1.4076544,103.8851946,5950822538,speed_camera,,POINT (103.8851946 1.4076544)
7085693073,1.4180016,103.9039148,7085693073,,,POINT (103.9039148 1.4180016)
7085693074,1.4179638,103.9038385,7085693074,,,POINT (103.9038385 1.4179638)
2274875553,1.3977777,103.9127614,2274875553,,,POINT (103.9127614 1.3977777)
6113106114,1.394624,103.9163107,6113106114,,,POINT (103.9163107 1.394624)
6113106118,1.3946994,103.9161319,6113106118,,,POINT (103.9161319 1.3946994)
242948296,1.3886949,103.8945048,242948296,traffic_signals,,POINT (103.8945048 1.3886949)
242948294,1.3867032,103.8939151,242948294,traffic_signals,,POINT (103.8939151 1.3867032)
242948303,1.3858153,103.8958003,242948303,traffic_signals,,POINT (103.8958003 1.3858153)
242948308,1.386198,103.9016864,242948308,traffic_signals,,POINT (103.9016864 1.386198)
369137905,1.3895674,103.8922832,369137905,traffic_signals,,POINT (103.8922832 1.3895674)
3089291533,1.416588,103.8943568,3089291533,,,POINT (103.8943568 1.416588)
1781717290,1.39681,103.9029184,1781717290,,,POINT (103.9029184 1.39681)
1781717309,1.3975681,103.9032391,1781717309,,,POINT (103.9032391 1.3975681)
1781717310,1.3979103,103.9040473,1781717310,,,POINT (103.9040473 1.3979103)
1781717311,1.3977284,103.9041011,1781717311,,,POINT (103.9041011 1.3977284)
1781717313,1.400972,103.8962737,1781717313,,,POINT (103.8962737 1.400972)
242948450,1.3879904,103.896597,242948450,traffic_signals,,POINT (103.896597 1.3879904)
242948451,1.389433,103.892403,242948451,traffic_signals,,POINT (103.892403 1.389433)
242948452,1.3894794,103.8922529,242948452,traffic_signals,,POINT (103.8922529 1.3894794)
242948493,1.386615,103.8913015,242948493,traffic_signals,,POINT (103.8913015 1.386615)
242948495,1.3898798,103.9043145,242948495,,,POINT (103.9043145 1.3898798)
2274875804,1.397973,103.9132785,2274875804,,,POINT (103.9132785 1.397973)
4715305456,1.390338,103.8898163,4715305456,,,POINT (103.8898163 1.390338)
1779685883,1.4152475,103.9015437,1779685883,,,POINT (103.9015437 1.4152475)
375773700,1.3879599,103.8966859,375773700,traffic_signals,,POINT (103.8966859 1.3879599)
4699838981,1.4059007,103.8973378,4699838981,,,POINT (103.8973378 1.4059007)
4699838984,1.4063616,103.8970842,4699838984,,,POINT (103.8970842 1.4063616)
411687474,1.3968816,103.9061907,411687474,,,POINT (103.9061907 1.3968816)
368925340,1.3970062,103.9062956,368925340,,,POINT (103.9062956 1.3970062)
4727921366,1.3885879,103.9019309,4727921366,,,POINT (103.9019309 1.3885879)
2274876138,1.3982546,103.912612,2274876138,,,POINT (103.912612 1.3982546)
391191302,1.3857641,103.8958556,391191302,traffic_signals,,POINT (103.8958556 1.3857641)
375773973,1.3880337,103.8967076,375773973,traffic_signals,,POINT (103.8967076 1.3880337)
5178399567,1.4029135,103.8910585,5178399567,,,POINT (103.8910585 1.4029135)
5178399571,1.4021531,103.8948055,5178399571,,,POINT (103.8948055 1.4021531)
5178399574,1.4023582,103.8946803,5178399574,,,POINT (103.8946803 1.4023582)
5178399575,1.4023732,103.8945931,5178399575,,,POINT (103.8945931 1.4023732)
5178399578,1.402216,103.8944025,5178399578,,,POINT (103.8944025 1.402216)
5015083876,1.39939,103.8921897,5015083876,,,POINT (103.8921897 1.39939)
5015083887,1.3990285,103.8921457,5015083887,,,POINT (103.8921457 1.3990285)
5015083903,1.4026915,103.8911448,5015083903,traffic_signals,,POINT (103.8911448 1.4026915)
391191428,1.3860388,103.895523,391191428,,,POINT (103.895523 1.3860388)
242998157,1.3865795,103.8914423,242998157,traffic_signals,,POINT (103.8914423 1.3865795)
6091365443,1.3883102,103.9239208,6091365443,,,POINT (103.9239208 1.3883102)
6091365444,1.388012,103.9239064,6091365444,,,POINT (103.9239064 1.388012)
6091365447,1.3883685,103.9236795,6091365447,,,POINT (103.9236795 1.3883685)
6091365448,1.3880549,103.9232773,6091365448,,,POINT (103.9232773 1.3880549)
6091365453,1.389137,103.9233415,6091365453,,,POINT (103.9233415 1.389137)
6091365454,1.3892606,103.9235116,6091365454,,,POINT (103.9235116 1.3892606)
6091365459,1.3891655,103.9240779,6091365459,,,POINT (103.9240779 1.3891655)
6091365460,1.3890287,103.9241488,6091365460,,,POINT (103.9241488 1.3890287)
6091365465,1.3881448,103.9238219,6091365465,,,POINT (103.9238219 1.3881448)
6091365468,1.3879592,103.923405,6091365468,,,POINT (103.923405 1.3879592)
5921905760,1.3925142,103.9057898,5921905760,,,POINT (103.9057898 1.3925142)
2274876548,1.3984936,103.9131396,2274876548,,,POINT (103.9131396 1.3984936)
375774359,1.3869718,103.8998933,375774359,,,POINT (103.8998933 1.3869718)
2274876679,1.3985878,103.912406,2274876679,,,POINT (103.912406 1.3985878)
5915434249,1.3960945,103.9030989,5915434249,,,POINT (103.9030989 1.3960945)
2274876688,1.3983983,103.9132116,2274876688,,,POINT (103.9132116 1.3983983)
4724595988,1.3875386,103.9045108,4724595988,,,POINT (103.9045108 1.3875386)
3063323990,1.3946193,103.8989189,3063323990,,,POINT (103.8989189 1.3946193)
3063324013,1.3946405,103.8990234,3063324013,,,POINT (103.8990234 1.3946405)
375774643,1.386301,103.9016198,375774643,traffic_signals,,POINT (103.9016198 1.386301)
369941952,1.3836095,103.9228434,369941952,,,POINT (103.9228434 1.3836095)
3063324108,1.3943457,103.901093,3063324108,,,POINT (103.901093 1.3943457)
242998739,1.399419,103.8958661,242998739,traffic_signals,,POINT (103.8958661 1.399419)
4004994591,1.4060407,103.897594,4004994591,,,POINT (103.897594 1.4060407)
7232298556,1.3890036,103.9005185,7232298556,,,POINT (103.9005185 1.3890036)
4701920929,1.3958625,103.8949202,4701920929,,,POINT (103.8949202 1.3958625)
4701920933,1.3956435,103.8945262,4701920933,,,POINT (103.8945262 1.3956435)
5256748785,1.4152874,103.9056836,5256748785,,,POINT (103.9056836 1.4152874)
3063324469,1.3945087,103.9017211,3063324469,,,POINT (103.9017211 1.3945087)
242966341,1.3933122,103.893583,242966341,traffic_signals,,POINT (103.893583 1.3933122)
5556054120,1.4194197,103.9101166,5556054120,,,POINT (103.9101166 1.4194197)
3063324544,1.3949275,103.8994258,3063324544,,,POINT (103.8994258 1.3949275)
3063324588,1.394976,103.8987337,3063324588,,,POINT (103.8987337 1.394976)
242966457,1.3959956,103.89451,242966457,traffic_signals,,POINT (103.89451 1.3959956)
5556264977,1.4167984,103.9045144,5556264977,,,POINT (103.9045144 1.4167984)
5556264978,1.4162844,103.9048176,5556264978,,,POINT (103.9048176 1.4162844)
242966584,1.3969096,103.8909003,242966584,traffic_signals,,POINT (103.8909003 1.3969096)
6585360450,1.3820737,103.9304475,6585360450,,,POINT (103.9304475 1.3820737)
6585360453,1.3821833,103.9304241,6585360453,,,POINT (103.9304241 1.3821833)
6585360459,1.3822845,103.9304709,6585360459,,,POINT (103.9304709 1.3822845)
3063324776,1.3947905,103.899409,3063324776,,,POINT (103.899409 1.3947905)
375775415,1.3868209,103.8998596,375775415,traffic_signals,,POINT (103.8998596 1.3868209)
4946665702,1.4171607,103.9061918,4946665702,,,POINT (103.9061918 1.4171607)
3063308595,1.3908254,103.894409,3063308595,,,POINT (103.894409 1.3908254)
3063325002,1.3951133,103.8987004,3063325002,,,POINT (103.8987004 1.3951133)
369172848,1.3964795,103.903436,369172848,traffic_signals,,POINT (103.903436 1.3964795)
242999681,1.3912536,103.8928828,242999681,traffic_signals,,POINT (103.8928828 1.3912536)
369140109,1.3895217,103.892433,369140109,traffic_signals,,POINT (103.892433 1.3895217)
369172927,1.3959894,103.9031597,369172927,,,POINT (103.9031597 1.3959894)
3168625114,1.3849525,103.9152668,3168625114,motorway_junction,7A,POINT (103.9152668 1.3849525)
3063308874,1.3906092,103.9016569,3063308874,,,POINT (103.9016569 1.3906092)
242967203,1.3929952,103.8945345,242967203,,,POINT (103.8945345 1.3929952)
4697957131,1.3985677,103.9070557,4697957131,,,POINT (103.9070557 1.3985677)
4697957134,1.3985792,103.9074042,4697957134,,,POINT (103.9074042 1.3985792)
377643795,1.388746,103.9022749,377643795,,,POINT (103.9022749 1.388746)
369468188,1.395728,103.8961358,369468188,,,POINT (103.8961358 1.395728)
369468189,1.3960908,103.8946884,369468189,traffic_signals,,POINT (103.8946884 1.3960908)
369468200,1.39503,103.8990599,369468200,traffic_signals,,POINT (103.8990599 1.39503)
377643837,1.3888809,103.9019293,377643837,,,POINT (103.9019293 1.3888809)
242950976,1.3843236,103.900193,242950976,,,POINT (103.900193 1.3843236)
5277868866,1.4162994,103.9095971,5277868866,,,POINT (103.9095971 1.4162994)
242950993,1.3909671,103.9015774,242950993,traffic_signals,,POINT (103.9015774 1.3909671)
368927585,1.3919502,103.9125026,368927585,traffic_signals,,POINT (103.9125026 1.3919502)
368927583,1.3910755,103.9136226,368927583,traffic_signals,,POINT (103.9136226 1.3910755)
369468292,1.3941835,103.9014832,369468292,traffic_signals,,POINT (103.9014832 1.3941835)
5686387591,1.3952338,103.9170944,5686387591,,,POINT (103.9170944 1.3952338)
5686387595,1.3951377,103.9169797,5686387595,,,POINT (103.9169797 1.3951377)
5252457373,1.3840634,103.8902023,5252457373,traffic_signals,,POINT (103.8902023 1.3840634)
3600770200,1.4003058,103.8966835,3600770200,,,POINT (103.8966835 1.4003058)
3600770201,1.4004388,103.8962338,3600770201,traffic_signals,,POINT (103.8962338 1.4004388)
4002524011,1.4186006,103.9035955,4002524011,,,POINT (103.9035955 1.4186006)
5218821351,1.417336,103.9061618,5218821351,,,POINT (103.9061618 1.417336)
5218821355,1.4173752,103.9057151,5218821355,,,POINT (103.9057151 1.4173752)
135079149,1.3973962,103.9025279,135079149,motorway_junction,10,POINT (103.9025279 1.3973962)
5218821356,1.417418,103.906307,5218821356,,,POINT (103.906307 1.417418)
369468656,1.3940845,103.9014472,369468656,traffic_signals,,POINT (103.9014472 1.3940845)
5218821360,1.4170808,103.906349,5218821360,,,POINT (103.906349 1.4170808)
5218821362,1.4181046,103.906489,5218821362,,,POINT (103.906489 1.4181046)
5218821366,1.4185359,103.9064074,5218821366,,,POINT (103.9064074 1.4185359)
5218821367,1.4188455,103.9068078,5218821367,,,POINT (103.9068078 1.4188455)
5218821372,1.4184772,103.9066477,5218821372,traffic_signals,,POINT (103.9066477 1.4184772)
5218821373,1.4185515,103.9066794,5218821373,traffic_signals,,POINT (103.9066794 1.4185515)
135079181,1.3951674,103.9058425,135079181,motorway_junction,9,POINT (103.9058425 1.3951674)
5218821390,1.417205,103.906106,5218821390,,,POINT (103.906106 1.417205)
2274878780,1.3996064,103.9053896,2274878780,,,POINT (103.9053896 1.3996064)
4724598090,1.3875114,103.904787,4724598090,,,POINT (103.904787 1.3875114)
369173840,1.3998056,103.8980199,369173840,,,POINT (103.8980199 1.3998056)
5218788690,1.4132632,103.9009328,5218788690,,,POINT (103.9009328 1.4132632)
5218788701,1.4122174,103.9004688,5218788701,,,POINT (103.9004688 1.4122174)
5218788704,1.4130451,103.9002703,5218788704,,,POINT (103.9002703 1.4130451)
5218788705,1.4131266,103.9002945,5218788705,,,POINT (103.9002945 1.4131266)
4604732771,1.4221519,103.8885638,4604732771,,,POINT (103.8885638 1.4221519)
4604732781,1.4165333,103.8936157,4604732781,,,POINT (103.8936157 1.4165333)
4604732785,1.4161076,103.8936311,4604732785,,,POINT (103.8936311 1.4161076)
135079306,1.4003965,103.8921205,135079306,,,POINT (103.8921205 1.4003965)
4598834586,1.4030163,103.8968148,4598834586,,,POINT (103.8968148 1.4030163)
1913644442,1.3817543,103.9034783,1913644442,traffic_signals,,POINT (103.9034783 1.3817543)
6089860518,1.3849154,103.9200366,6089860518,motorway_junction,,POINT (103.9200366 1.3849154)
5898659260,1.3868941,103.899892,5898659260,traffic_signals,,POINT (103.899892 1.3868941)
5898659261,1.3869149,103.8998397,5898659261,traffic_signals,,POINT (103.8998397 1.3869149)
5898659263,1.386837,103.8998153,5898659263,traffic_signals,,POINT (103.8998153 1.386837)
135079396,1.3996777,103.8967884,135079396,,,POINT (103.8967884 1.3996777)
3063326188,1.3953684,103.8992134,3063326188,,,POINT (103.8992134 1.3953684)
5863220853,1.4132747,103.9114299,5863220853,,,POINT (103.9114299 1.4132747)
5863220855,1.4133076,103.9112395,5863220855,,,POINT (103.9112395 1.4133076)
369174139,1.3991104,103.9000306,369174139,,,POINT (103.9000306 1.3991104)
369174181,1.3969357,103.9042598,369174181,,,POINT (103.9042598 1.3969357)
6497953524,1.3885341,103.9079886,6497953524,,,POINT (103.9079886 1.3885341)
6497953525,1.388493,103.9079819,6497953525,,,POINT (103.9079819 1.388493)
6497953526,1.3887108,103.9075348,6497953526,,,POINT (103.9075348 1.3887108)
6497953527,1.3886701,103.9075047,6497953527,,,POINT (103.9075047 1.3886701)
369469280,1.3921459,103.9054033,369469280,traffic_signals,,POINT (103.9054033 1.3921459)
4697941870,1.4002906,103.9098166,4697941870,,,POINT (103.9098166 1.4002906)
4697941873,1.4004414,103.9098412,4697941873,,,POINT (103.9098412 1.4004414)
369174479,1.3972484,103.9038324,369174479,traffic_signals,,POINT (103.9038324 1.3972484)
242952212,1.3918212,103.8978996,242952212,traffic_signals,,POINT (103.8978996 1.3918212)
242952222,1.3922607,103.8966823,242952222,,,POINT (103.8966823 1.3922607)
242952267,1.3932743,103.8937054,242952267,traffic_signals,,POINT (103.8937054 1.3932743)
5921941613,1.3924006,103.9067473,5921941613,,,POINT (103.9067473 1.3924006)
5921941614,1.3923667,103.9067128,5921941614,,,POINT (103.9067128 1.3923667)
369174639,1.3961264,103.9040452,369174639,,,POINT (103.9040452 1.3961264)
3133450363,1.390199,103.8994928,3133450363,,,POINT (103.8994928 1.390199)
369141917,1.3934247,103.8936212,369141917,traffic_signals,,POINT (103.8936212 1.3934247)
5278410926,1.418622,103.9063845,5278410926,,,POINT (103.9063845 1.418622)
3905775803,1.4114499,103.89802,3905775803,traffic_signals,,POINT (103.89802 1.4114499)
3905775805,1.4115539,103.8980616,3905775805,traffic_signals,,POINT (103.8980616 1.4115539)
3063326914,1.3957157,103.8944025,3063326914,,,POINT (103.8944025 1.3957157)
369158350,1.397018,103.8909219,369158350,traffic_signals,,POINT (103.8909219 1.397018)
5742340349,1.4163632,103.9096091,5742340349,,,POINT (103.9096091 1.4163632)
4002523403,1.4021207,103.8946471,4002523403,traffic_signals,,POINT (103.8946471 1.4021207)
4002523404,1.4021336,103.8945524,4002523404,traffic_signals,,POINT (103.8945524 1.4021336)
4002523407,1.4026587,103.8910089,4002523407,traffic_signals,,POINT (103.8910089 1.4026587)
4715292959,1.3904233,103.8898068,4715292959,,,POINT (103.8898068 1.3904233)
369158458,1.39613,103.8945619,369158458,traffic_signals,,POINT (103.8945619 1.39613)
2274879836,1.4005488,103.9146219,2274879836,,,POINT (103.9146219 1.4005488)
1749002699,1.4159952,103.9058255,1749002699,,,POINT (103.9058255 1.4159952)
1848076757,1.3948797,103.8990991,1848076757,traffic_signals,,POINT (103.8990991 1.3948797)
5178419688,1.3952407,103.8992132,5178419688,,,POINT (103.8992132 1.3952407)
5178419689,1.395234,103.8991291,5178419689,,,POINT (103.8991291 1.395234)
4598671860,1.4062012,103.8952353,4598671860,,,POINT (103.8952353 1.4062012)
4598671863,1.406436,103.8955874,4598671863,,,POINT (103.8955874 1.406436)
4598671864,1.4065392,103.8956921,4598671864,,,POINT (103.8956921 1.4065392)
4598671867,1.4069497,103.8953735,4598671867,,,POINT (103.8953735 1.4069497)
4598671868,1.4027527,103.8991207,4598671868,,,POINT (103.8991207 1.4027527)
4598671872,1.4029522,103.899555,4598671872,,,POINT (103.899555 1.4029522)
4598671873,1.4025167,103.8998156,4598671873,,,POINT (103.8998156 1.4025167)
4598671877,1.4029134,103.8996769,4598671877,,,POINT (103.8996769 1.4029134)
4598671878,1.4026042,103.8990886,4598671878,,,POINT (103.8990886 1.4026042)
4598671882,1.4021912,103.8992737,4598671882,,,POINT (103.8992737 1.4021912)
4598671883,1.4023008,103.8998756,4598671883,,,POINT (103.8998756 1.4023008)
4598671886,1.402237,103.8993808,4598671886,,,POINT (103.8993808 1.402237)
4598671888,1.4018214,103.9021965,4598671888,,,POINT (103.9021965 1.4018214)
4702038545,1.4030466,103.8966423,4702038545,,,POINT (103.8966423 1.4030466)
4702038548,1.403343,103.8964105,4702038548,,,POINT (103.8964105 1.403343)
4702038549,1.4034183,103.8964235,4702038549,,,POINT (103.8964235 1.4034183)
4702038552,1.4036165,103.8967475,4702038552,,,POINT (103.8967475 1.4036165)
2274880033,1.4002941,103.9153469,2274880033,,,POINT (103.9153469 1.4002941)
2274880055,1.4007152,103.9088292,2274880055,,,POINT (103.9088292 1.4007152)
369142425,1.3933843,103.8937421,369142425,traffic_signals,,POINT (103.8937421 1.3933843)
2274880184,1.400443,103.9146847,2274880184,,,POINT (103.9146847 1.400443)
2274880197,1.4006592,103.9092798,2274880197,,,POINT (103.9092798 1.4006592)
4002523905,1.4041333,103.8912024,4002523905,traffic_signals,,POINT (103.8912024 1.4041333)
135080726,1.3795144,103.9207979,135080726,motorway_junction,6,POINT (103.9207979 1.3795144)
2274880313,1.4005812,103.9088758,2274880313,,,POINT (103.9088758 1.4005812)
4598672192,1.4016806,103.9018035,4598672192,,,POINT (103.9018035 1.4016806)
4598672193,1.4015174,103.9017357,4598672193,,,POINT (103.9017357 1.4015174)
4598672197,1.4011768,103.90181,4598672197,,,POINT (103.90181 1.4011768)
4598672198,1.4011516,103.9019164,4598672198,,,POINT (103.9019164 1.4011516)
4598672202,1.4012639,103.9022935,4598672202,,,POINT (103.9022935 1.4012639)
4598672203,1.4013854,103.9023476,4598672203,,,POINT (103.9023476 1.4013854)
4598672207,1.4017861,103.9022654,4598672207,,,POINT (103.9022654 1.4017861)
4598672221,1.4057109,103.9006951,4598672221,,,POINT (103.9006951 1.4057109)
4598672225,1.4056398,103.9007845,4598672225,,,POINT (103.9007845 1.4056398)
4598672229,1.4057898,103.901183,4598672229,,,POINT (103.901183 1.4057898)
4002524006,1.4164123,103.900662,4002524006,,,POINT (103.900662 1.4164123)
4478315384,1.3897938,103.8973354,4478315384,traffic_signals,,POINT (103.8973354 1.3897938)
4478315385,1.3897214,103.8973126,4478315385,traffic_signals,,POINT (103.8973126 1.3897214)
4598672255,1.4041235,103.8912845,4598672255,traffic_signals,,POINT (103.8912845 1.4041235)
4478315386,1.3897254,103.8974595,4478315386,,,POINT (103.8974595 1.3897254)
3063311296,1.3905793,103.9015424,3063311296,,,POINT (103.9015424 1.3905793)
3063311303,1.3904766,103.8963366,3063311303,,,POINT (103.8963366 1.3904766)
369175543,1.3923013,103.9146504,369175543,traffic_signals,,POINT (103.9146504 1.3923013)
369175567,1.3952698,103.9167883,369175567,traffic_signals,,POINT (103.9167883 1.3952698)
1167567948,1.4060895,103.9009545,1167567948,traffic_signals,,POINT (103.9009545 1.4060895)
1167567951,1.4092217,103.9022787,1167567951,traffic_signals,,POINT (103.9022787 1.4092217)
1167567954,1.4091209,103.9022329,1167567954,traffic_signals,,POINT (103.9022329 1.4091209)
1167567959,1.4065003,103.9010845,1167567959,,,POINT (103.9010845 1.4065003)
1167567983,1.4059966,103.9011352,1167567983,,,POINT (103.9011352 1.4059966)
1167567993,1.4108128,103.8996971,1167567993,traffic_signals,,POINT (103.8996971 1.4108128)
1167567994,1.4105349,103.9001992,1167567994,,,POINT (103.9001992 1.4105349)
1167568001,1.4107265,103.8996556,1167568001,traffic_signals,,POINT (103.8996556 1.4107265)
1167568000,1.4104553,103.9001284,1167568000,,,POINT (103.9001284 1.4104553)
3063311502,1.3903062,103.8959067,3063311502,,,POINT (103.8959067 1.3903062)
3063311560,1.390069,103.8965883,3063311560,,,POINT (103.8965883 1.390069)
242953527,1.389758,103.8972179,242953527,traffic_signals,,POINT (103.8972179 1.389758)
242953528,1.3901059,103.8962076,242953528,traffic_signals,,POINT (103.8962076 1.3901059)
242953529,1.390863,103.8940238,242953529,traffic_signals,,POINT (103.8940238 1.390863)
242953530,1.3912131,103.8930012,242953530,traffic_signals,,POINT (103.8930012 1.3912131)
2274880832,1.4007812,103.9093751,2274880832,,,POINT (103.9093751 1.4007812)
242937156,1.3865048,103.9074024,242937156,traffic_signals,,POINT (103.9074024 1.3865048)
242937176,1.3863914,103.907458,242937176,traffic_signals,,POINT (103.907458 1.3863914)
4000099726,1.4158927,103.9003244,4000099726,,,POINT (103.9003244 1.4158927)
3865151150,1.3879454,103.8969696,3865151150,,,POINT (103.8969696 1.3879454)
3865151153,1.3880804,103.8963329,3865151153,,,POINT (103.8963329 1.3880804)
3865151154,1.3881736,103.8963114,3865151154,,,POINT (103.8963114 1.3881736)
411102660,1.3931923,103.9133432,411102660,,,POINT (103.9133432 1.3931923)
411102666,1.392289,103.914456,411102666,traffic_signals,,POINT (103.914456 1.392289)
411102673,1.3921945,103.9145753,411102673,traffic_signals,,POINT (103.9145753 1.3921945)
411102677,1.4044809,103.9038275,411102677,traffic_signals,,POINT (103.9038275 1.4044809)
411102684,1.398153,103.913025,411102684,traffic_signals,,POINT (103.913025 1.398153)
2274881012,1.4008596,103.914581,2274881012,,,POINT (103.914581 1.4008596)
3063328275,1.3962307,103.8942372,3063328275,,,POINT (103.8942372 1.3962307)
3063311912,1.3904927,103.8964406,3063311912,,,POINT (103.8964406 1.3904927)
2274881112,1.4010518,103.9087462,2274881112,,,POINT (103.9087462 1.4010518)
4698074724,1.3980674,103.9070194,4698074724,,,POINT (103.9070194 1.3980674)
4698074728,1.3984727,103.9068999,4698074728,,,POINT (103.9068999 1.3984727)
4698074729,1.3980253,103.9073965,4698074729,,,POINT (103.9073965 1.3980253)
4698074733,1.3979492,103.9070516,4698074733,,,POINT (103.9070516 1.3979492)
4698074734,1.398564,103.907458,4698074734,,,POINT (103.907458 1.398564)
4698074738,1.3981835,103.9075169,4698074738,,,POINT (103.9075169 1.3981835)
5181566596,1.4064628,103.897064,5181566596,,,POINT (103.897064 1.4064628)
5181566599,1.4068171,103.897665,5181566599,,,POINT (103.897665 1.4068171)
368930446,1.4174388,103.9042128,368930446,,,POINT (103.9042128 1.4174388)
368930452,1.4155865,103.9053203,368930452,,,POINT (103.9053203 1.4155865)
2274881206,1.4012536,103.9092274,2274881206,,,POINT (103.9092274 1.4012536)
3063312093,1.390727,103.9030975,3063312093,,,POINT (103.9030975 1.390727)
3063328486,1.396485,103.8946975,3063328486,,,POINT (103.8946975 1.396485)
3063328509,1.3965125,103.8948271,3063328509,,,POINT (103.8948271 1.3965125)
2274881282,1.4011585,103.9088331,2274881282,,,POINT (103.9088331 1.4011585)
368897810,1.3953869,103.9166314,368897810,traffic_signals,,POINT (103.9166314 1.3953869)
4853608215,1.4042313,103.8912973,4853608215,traffic_signals,,POINT (103.8912973 1.4042313)
4853608216,1.4026408,103.8911379,4853608216,traffic_signals,,POINT (103.8911379 1.4026408)
4853608217,1.4040974,103.89148,4853608217,,,POINT (103.89148 1.4040974)
4853608219,1.4039593,103.8912703,4853608219,,,POINT (103.8912703 1.4039593)
2274881314,1.4012078,103.9093156,2274881314,,,POINT (103.9093156 1.4012078)
3444600665,1.4233183,103.8862716,3444600665,,,POINT (103.8862716 1.4233183)
377646952,1.3855538,103.9030073,377646952,traffic_signals,,POINT (103.9030073 1.3855538)
3063312269,1.3910934,103.9010239,3063312269,,,POINT (103.9010239 1.3910934)
368897966,1.3980923,103.9128445,368897966,traffic_signals,,POINT (103.9128445 1.3980923)
3063312306,1.3912017,103.8941392,3063312306,,,POINT (103.8941392 1.3912017)
3063312313,1.3912072,103.8933002,3063312313,,,POINT (103.8933002 1.3912072)
3865151259,1.3883582,103.89672,3865151259,,,POINT (103.89672 1.3883582)
4604732761,1.4152816,103.9040598,4604732761,,,POINT (103.9040598 1.4152816)
5218349037,1.3927356,103.9139104,5218349037,,,POINT (103.9139104 1.3927356)
5218349044,1.392869,103.9132952,5218349044,,,POINT (103.9132952 1.392869)
5218349048,1.3931018,103.9134577,5218349048,,,POINT (103.9134577 1.3931018)
5218349065,1.3918116,103.9125084,5218349065,traffic_signals,,POINT (103.9125084 1.3918116)
5218349066,1.3918931,103.9125736,5218349066,traffic_signals,,POINT (103.9125736 1.3918931)
5218349080,1.3909562,103.9135268,5218349080,traffic_signals,,POINT (103.9135268 1.3909562)
5218349081,1.391871,103.9124364,5218349081,traffic_signals,,POINT (103.9124364 1.391871)
3089297465,1.4167073,103.8936787,3089297465,,,POINT (103.8936787 1.4167073)
3593810028,1.39258,103.9148429,3593810028,,,POINT (103.9148429 1.39258)
3593810031,1.3920941,103.9149076,3593810031,,,POINT (103.9149076 1.3920941)
3593810032,1.3919941,103.914858,3593810032,,,POINT (103.914858 1.3919941)
3593810035,1.3919642,103.9144359,3593810035,,,POINT (103.9144359 1.3919642)
5218807952,1.4184061,103.9033772,5218807952,,,POINT (103.9033772 1.4184061)
5218807955,1.4183327,103.9036332,5218807955,,,POINT (103.9036332 1.4183327)
5218807956,1.4183292,103.9037396,5218807956,,,POINT (103.9037396 1.4183292)
5218807961,1.4185265,103.903634,5218807961,,,POINT (103.903634 1.4185265)
5218807962,1.4184848,103.9035486,5218807962,,,POINT (103.9035486 1.4184848)
5218807960,1.4186439,103.903966,5218807960,,,POINT (103.903966 1.4186439)
5218807965,1.4184448,103.9067667,5218807965,traffic_signals,,POINT (103.9067667 1.4184448)
5218807982,1.4174898,103.9043865,5218807982,,,POINT (103.9043865 1.4174898)
5218807989,1.417605,103.9040382,5218807989,,,POINT (103.9040382 1.417605)
5218807988,1.4176033,103.9041278,5218807988,,,POINT (103.9041278 1.4176033)
5218807995,1.4171285,103.9036517,5218807995,,,POINT (103.9036517 1.4171285)
5218807996,1.4174097,103.9041418,5218807996,,,POINT (103.9041418 1.4174097)
5218807997,1.4185623,103.9035054,5218807997,,,POINT (103.9035054 1.4185623)
5218808001,1.417028,103.9043337,5218808001,,,POINT (103.9043337 1.417028)
5218808002,1.4170186,103.9044218,5218808002,,,POINT (103.9044218 1.4170186)
5218808008,1.4172626,103.904211,5218808008,,,POINT (103.904211 1.4172626)
3106550117,1.3820591,103.9033601,3106550117,,,POINT (103.9033601 1.3820591)
2274881915,1.4025138,103.9066905,2274881915,,,POINT (103.9066905 1.4025138)
3063312773,1.3909173,103.8929037,3063312773,,,POINT (103.8929037 1.3909173)
5826081188,1.3887584,103.9237401,5826081188,,,POINT (103.9237401 1.3887584)
2274882073,1.4024165,103.9061699,2274882073,,,POINT (103.9061699 1.4024165)
2274882083,1.4025907,103.9060952,2274882083,,,POINT (103.9060952 1.4025907)
6086062647,1.3914118,103.9260865,6086062647,,,POINT (103.9260865 1.3914118)
3063312955,1.3909822,103.9011263,3063312955,,,POINT (103.9011263 1.3909822)
6086062656,1.3915132,103.9260224,6086062656,,,POINT (103.9260224 1.3915132)
2274882120,1.4024602,103.8994881,2274882120,traffic_signals,,POINT (103.8994881 1.4024602)
3063312994,1.3910495,103.893758,3063312994,,,POINT (103.893758 1.3910495)
3063312998,1.3910639,103.9018202,3063312998,,,POINT (103.9018202 1.3910639)
368898713,1.4008299,103.9090579,368898713,traffic_signals,,POINT (103.9090579 1.4008299)
2274882221,1.4025963,103.8995508,2274882221,traffic_signals,,POINT (103.8995508 1.4025963)
369177323,1.3976914,103.9024351,369177323,,,POINT (103.9024351 1.3976914)
3063313160,1.3911164,103.8932835,3063313160,,,POINT (103.8932835 1.3911164)
3063313201,1.3912334,103.9010062,3063313201,,,POINT (103.9010062 1.3912334)
3063313215,1.3912459,103.9002786,3063313215,,,POINT (103.9002786 1.3912459)
2274882386,1.4027593,103.9065893,2274882386,,,POINT (103.9065893 1.4027593)
3063313260,1.3914132,103.9031673,3063313260,,,POINT (103.9031673 1.3914132)
6662812532,1.3911366,103.9258582,6662812532,,,POINT (103.9258582 1.3911366)
6662812538,1.3911374,103.9263408,6662812538,,,POINT (103.9263408 1.3911374)
3063313299,1.3916144,103.8931373,3063313299,,,POINT (103.8931373 1.3916144)
3905778593,1.4036188,103.8947374,3905778593,traffic_signals,,POINT (103.8947374 1.4036188)
3063313343,1.3912261,103.8942517,3063313343,,,POINT (103.8942517 1.3912261)
5218413689,1.3928444,103.9150269,5218413689,,,POINT (103.9150269 1.3928444)
5218413691,1.3928318,103.9153849,5218413691,,,POINT (103.9153849 1.3928318)
3063313410,1.3913584,103.9013847,3063313410,,,POINT (103.9013847 1.3913584)
377648142,1.387307,103.9045201,377648142,,,POINT (103.9045201 1.387307)
4003656720,1.4021809,103.8946566,4003656720,traffic_signals,,POINT (103.8946566 1.4021809)
369177623,1.4002376,103.89462,369177623,motorway_junction,9,POINT (103.89462 1.4002376)
4003656731,1.4021934,103.8945668,4003656731,traffic_signals,,POINT (103.8945668 1.4021934)
377648177,1.3885956,103.9059487,377648177,traffic_signals,,POINT (103.9059487 1.3885956)
2274882620,1.4032316,103.9106328,2274882620,,,POINT (103.9106328 1.4032316)
2274882621,1.4030193,103.9059567,2274882621,,,POINT (103.9059567 1.4030193)
377648202,1.3886771,103.9060385,377648202,traffic_signals,,POINT (103.9060385 1.3886771)
3063313529,1.3915302,103.8979422,3063313529,,,POINT (103.8979422 1.3915302)
368931966,1.4148607,103.9044888,368931966,,,POINT (103.9044888 1.4148607)
368931974,1.4166401,103.9054064,368931974,,,POINT (103.9054064 1.4166401)
3063313544,1.3913614,103.9014772,3063313544,,,POINT (103.9014772 1.3913614)
3600774304,1.3995623,103.8952195,3600774304,,,POINT (103.8952195 1.3995623)
3600774305,1.399315,103.896324,3600774305,,,POINT (103.896324 1.399315)
3600774306,1.399444,103.8957367,3600774306,traffic_signals,,POINT (103.8957367 1.399444)
3063313589,1.3914,103.903612,3063313589,,,POINT (103.903612 1.3914)
3063313593,1.3914277,103.8977931,3063313593,,,POINT (103.8977931 1.3914277)
2274882750,1.4031212,103.9113762,2274882750,,,POINT (103.9113762 1.4031212)
3905778919,1.4115093,103.8981571,3905778919,traffic_signals,,POINT (103.8981571 1.4115093)
3905778920,1.4114035,103.8981028,3905778920,traffic_signals,,POINT (103.8981028 1.4114035)
3905778922,1.4066191,103.895311,3905778922,traffic_signals,,POINT (103.895311 1.4066191)
3905778923,1.4036059,103.894827,3905778923,traffic_signals,,POINT (103.894827 1.4036059)
2274882854,1.4032837,103.9108044,2274882854,,,POINT (103.9108044 1.4032837)
368932134,1.4167946,103.9056565,368932134,,,POINT (103.9056565 1.4167946)
4504401270,1.4006262,103.9151658,4504401270,,,POINT (103.9151658 1.4006262)
4504401272,1.401034,103.9150793,4504401272,,,POINT (103.9150793 1.401034)
4504401275,1.4010987,103.9150204,4504401275,,,POINT (103.9150204 1.4010987)
4504401277,1.401068,103.9145951,4504401277,,,POINT (103.9145951 1.401068)
3063313817,1.3938454,103.9013544,3063313817,,,POINT (103.9013544 1.3938454)
242955719,1.394902,103.8990209,242955719,traffic_signals,,POINT (103.8990209 1.394902)
2274883021,1.4032279,103.9065025,2274883021,,,POINT (103.9065025 1.4032279)
5094913492,1.402883,103.8911516,5094913492,,,POINT (103.8911516 1.402883)
5094913493,1.4026597,103.8914234,5094913493,,,POINT (103.8914234 1.4026597)
1736766942,1.4192076,103.8930582,1736766942,,,POINT (103.8930582 1.4192076)
1736766945,1.4192787,103.8929146,1736766945,,,POINT (103.8929146 1.4192787)
4593677839,1.3832204,103.8987633,4593677839,,,POINT (103.8987633 1.3832204)
368899628,1.4063554,103.8976929,368899628,traffic_signals,,POINT (103.8976929 1.4063554)
368899632,1.4060179,103.9007804,368899632,traffic_signals,,POINT (103.9007804 1.4060179)
368899633,1.4043366,103.9038354,368899633,traffic_signals,,POINT (103.9038354 1.4043366)
368899634,1.4027819,103.9063242,368899634,traffic_signals,,POINT (103.9063242 1.4027819)
395048534,1.4073682,103.9053812,395048534,traffic_signals,,POINT (103.9053812 1.4073682)
395048535,1.4059892,103.9077163,395048535,traffic_signals,,POINT (103.9077163 1.4059892)
395048536,1.4036731,103.9109694,395048536,traffic_signals,,POINT (103.9109694 1.4036731)
395048575,1.4036067,103.9110425,395048575,traffic_signals,,POINT (103.9110425 1.4036067)
2274883199,1.4036422,103.9106667,2274883199,,,POINT (103.9106667 1.4036422)
395048584,1.4008685,103.9148496,395048584,traffic_signals,,POINT (103.9148496 1.4008685)
395048587,1.3980268,103.9185566,395048587,traffic_signals,,POINT (103.9185566 1.3980268)
395048588,1.397943,103.9186803,395048588,traffic_signals,,POINT (103.9186803 1.397943)
4697831197,1.417382,103.9046095,4697831197,,,POINT (103.9046095 1.417382)
4697831198,1.4172897,103.9042735,4697831198,,,POINT (103.9042735 1.4172897)
4697831199,1.4171205,103.9039082,4697831199,,,POINT (103.9039082 1.4171205)
4697831205,1.4127912,103.9009213,4697831205,traffic_signals,,POINT (103.9009213 1.4127912)
378648373,1.4011964,103.8858461,378648373,,,POINT (103.8858461 1.4011964)
1736652601,1.4128778,103.9009553,1736652601,traffic_signals,,POINT (103.9009553 1.4128778)
1736652633,1.4186744,103.8927969,1736652633,,,POINT (103.8927969 1.4186744)
1736652638,1.4196881,103.8923522,1736652638,,,POINT (103.8923522 1.4196881)
378648434,1.4013716,103.8858513,378648434,,,POINT (103.8858513 1.4013716)
4598855717,1.3930878,103.9074334,4598855717,,,POINT (103.9074334 1.3930878)
3089299557,1.4160762,103.8944587,3089299557,,,POINT (103.8944587 1.4160762)
3063314608,1.3917592,103.8983144,3063314608,,,POINT (103.8983144 1.3917592)
3063314672,1.3919566,103.903671,3063314672,,,POINT (103.903671 1.3919566)
3063314687,1.3919733,103.9031951,3063314687,,,POINT (103.9031951 1.3919733)
3063314796,1.3918796,103.9002845,3063314796,,,POINT (103.9002845 1.3918796)
3063314827,1.3919,103.8976604,3063314827,,,POINT (103.8976604 1.3919)
3063314845,1.3916589,103.8983396,3063314845,,,POINT (103.8983396 1.3916589)
368900542,1.4007321,103.9147505,368900542,traffic_signals,,POINT (103.9147505 1.4007321)
5256683763,1.3916432,103.9123722,5256683763,,,POINT (103.9123722 1.3916432)
5256683767,1.3916654,103.9126848,5256683767,,,POINT (103.9126848 1.3916654)
3063314975,1.3919983,103.8976766,3063314975,,,POINT (103.8976766 1.3919983)
2274884131,1.4055871,103.9074815,2274884131,,,POINT (103.9074815 1.4055871)
6197639742,1.3901313,103.904143,6197639742,,,POINT (103.904143 1.3901313)
6197639746,1.3901899,103.9043871,6197639746,,,POINT (103.9043871 1.3901899)
2274884191,1.4055722,103.9079736,2274884191,,,POINT (103.9079736 1.4055722)
5862767199,1.3910271,103.9134388,5862767199,,,POINT (103.9134388 1.3910271)
5862767203,1.3911788,103.9137044,5862767203,,,POINT (103.9137044 1.3911788)
5862767208,1.3909848,103.9137358,5862767208,traffic_signals,,POINT (103.9137358 1.3909848)
5862767209,1.3908634,103.9136474,5862767209,traffic_signals,,POINT (103.9136474 1.3908634)
5862767202,1.3908147,103.9134234,5862767202,,,POINT (103.9134234 1.3908147)
2274884297,1.4054585,103.9075586,2274884297,,,POINT (103.9075586 1.4054585)
4598842419,1.3865118,103.8941046,4598842419,,,POINT (103.8941046 1.3865118)
3063315328,1.3918717,103.9008832,3063315328,,,POINT (103.9008832 1.3918717)
2274884501,1.4057384,103.9080643,2274884501,,,POINT (103.9080643 1.4057384)
2274884591,1.4059675,103.9009087,2274884591,traffic_signals,,POINT (103.9009087 1.4059675)
368933876,1.4141167,103.9036101,368933876,,,POINT (103.9036101 1.4141167)
3905780730,1.4066366,103.8952131,3905780730,traffic_signals,,POINT (103.8952131 1.4066366)
3905780731,1.4064904,103.8952909,3905780731,traffic_signals,,POINT (103.8952909 1.4064904)
3905780732,1.4065094,103.895186,3905780732,traffic_signals,,POINT (103.895186 1.4065094)
3905780733,1.4037005,103.8947437,3905780733,traffic_signals,,POINT (103.8947437 1.4037005)
3905780734,1.4036896,103.8948381,3905780734,traffic_signals,,POINT (103.8948381 1.4036896)
2274884613,1.4060506,103.9073345,2274884613,,,POINT (103.9073345 1.4060506)
375766031,1.3913,103.8930307,375766031,traffic_signals,,POINT (103.8930307 1.3913)
375766074,1.390947,103.8940555,375766074,traffic_signals,,POINT (103.8940555 1.390947)
2274884670,1.4062569,103.9078678,2274884670,,,POINT (103.9078678 1.4062569)
375766121,1.3901907,103.896237,375766121,traffic_signals,,POINT (103.896237 1.3901907)
2274884721,1.4062428,103.9073543,2274884721,,,POINT (103.9073543 1.4062428)
375766139,1.3898248,103.8972386,375766139,traffic_signals,,POINT (103.8972386 1.3898248)
2274884735,1.4061377,103.9079439,2274884735,,,POINT (103.9079439 1.4061377)
2274884761,1.4070332,103.905242,2274884761,,,POINT (103.905242 1.4070332)
2274884765,1.4070061,103.9057551,2274884765,,,POINT (103.9057551 1.4070061)
2274884789,1.4071493,103.9058431,2274884789,,,POINT (103.9058431 1.4071493)
2274884797,1.4073569,103.9050972,2274884797,,,POINT (103.9050972 1.4073569)
2274884815,1.4074831,103.905129,2274884815,,,POINT (103.905129 1.4074831)
2274884818,1.4076498,103.9055053,2274884818,,,POINT (103.9055053 1.4076498)
411679955,1.407324,103.9054709,411679955,traffic_signals,,POINT (103.9054709 1.407324)
411679956,1.4059216,103.9078136,411679956,traffic_signals,,POINT (103.9078136 1.4059216)
411679957,1.4008083,103.9149326,411679957,traffic_signals,,POINT (103.9149326 1.4008083)
411679959,1.4032948,103.8966903,411679959,traffic_signals,,POINT (103.8966903 1.4032948)
2274884823,1.4076454,103.9056165,2274884823,,,POINT (103.9056165 1.4076454)
2274884834,1.4089163,103.9020415,2274884834,,,POINT (103.9020415 1.4089163)
411679973,1.4032637,103.8968612,411679973,traffic_signals,,POINT (103.8968612 1.4032637)
411679974,1.3983383,103.9072954,411679974,traffic_signals,,POINT (103.9072954 1.3983383)
411679976,1.3952544,103.9108511,411679976,traffic_signals,,POINT (103.9108511 1.3952544)
411679980,1.3980309,103.9129379,411679980,traffic_signals,,POINT (103.9129379 1.3980309)
411679981,1.4043804,103.9037633,411679981,traffic_signals,,POINT (103.9037633 1.4043804)
411679982,1.4006718,103.9148335,411679982,traffic_signals,,POINT (103.9148335 1.4006718)
411679983,1.4057705,103.9077311,411679983,traffic_signals,,POINT (103.9077311 1.4057705)
2274884849,1.4093231,103.9019195,2274884849,,,POINT (103.9019195 1.4093231)
411679985,1.3982345,103.9071445,411679985,traffic_signals,,POINT (103.9071445 1.3982345)
411679986,1.3983908,103.9072434,411679986,traffic_signals,,POINT (103.9072434 1.3983908)
411679988,1.3999848,103.9051577,411679988,traffic_signals,,POINT (103.9051577 1.3999848)
411679989,1.3998178,103.9050898,411679989,traffic_signals,,POINT (103.9050898 1.3998178)
411679990,1.4000698,103.9050242,411679990,traffic_signals,,POINT (103.9050242 1.4000698)
2274884855,1.4095948,103.9023363,2274884855,,,POINT (103.9023363 1.4095948)
2274884856,1.409472,103.901895,2274884856,,,POINT (103.901895 1.409472)
375766316,1.3913408,103.8929123,375766316,traffic_signals,,POINT (103.8929123 1.3913408)
368901446,1.4072315,103.9053287,368901446,traffic_signals,,POINT (103.9053287 1.4072315)
368901452,1.4058411,103.9076287,368901452,traffic_signals,,POINT (103.9076287 1.4058411)
368901455,1.4034522,103.910928,368901455,traffic_signals,,POINT (103.910928 1.4034522)
4604820865,1.4165532,103.8992599,4604820865,,,POINT (103.8992599 1.4165532)
4604820866,1.411188,103.8979708,4604820866,,,POINT (103.8979708 1.411188)
4604820870,1.411288,103.8983677,4604820870,,,POINT (103.8983677 1.411288)
4604820871,1.4114133,103.8983863,4604820871,,,POINT (103.8983863 1.4114133)
4604820875,1.4117735,103.8982843,4604820875,,,POINT (103.8982843 1.4117735)
369163840,1.3919003,103.8979284,369163840,traffic_signals,,POINT (103.8979284 1.3919003)
242941536,1.3862324,103.9015947,242941536,traffic_signals,,POINT (103.9015947 1.3862324)
5178392191,1.4036522,103.8950709,5178392191,,,POINT (103.8950709 1.4036522)
242941570,1.3909671,103.9014441,242941570,traffic_signals,,POINT (103.9014441 1.3909671)
5178392194,1.4039893,103.8948543,5178392194,,,POINT (103.8948543 1.4039893)
5178392195,1.4039029,103.8947783,5178392195,,,POINT (103.8947783 1.4039029)
5178392199,1.4037389,103.8944827,5178392199,,,POINT (103.8944827 1.4037389)
5178392200,1.4036446,103.8945508,5178392200,,,POINT (103.8945508 1.4036446)
5178392204,1.4033667,103.8947049,5178392204,,,POINT (103.8947049 1.4033667)
5178392205,1.4035374,103.8953179,5178392205,,,POINT (103.8953179 1.4035374)
5178392209,1.4034067,103.8948023,5178392209,,,POINT (103.8948023 1.4034067)
411679984,1.4071957,103.905411,411679984,traffic_signals,,POINT (103.905411 1.4071957)
1840905884,1.3924432,103.915834,1840905884,,,POINT (103.915834 1.3924432)
368918172,1.3992664,103.9023044,368918172,,,POINT (103.9023044 1.3992664)
242941606,1.3937647,103.9011966,242941606,,,POINT (103.9011966 1.3937647)
368918181,1.4007421,103.901586,368918181,,,POINT (103.901586 1.4007421)
1840905904,1.3931292,103.9152363,1840905904,,,POINT (103.9152363 1.3931292)
242941626,1.3941232,103.9013277,242941626,traffic_signals,,POINT (103.9013277 1.3941232)
1840905924,1.3939332,103.9171349,1840905924,,,POINT (103.9171349 1.3939332)
5740855024,1.418109,103.9118807,5740855024,traffic_signals,,POINT (103.9118807 1.418109)
5740855029,1.4181192,103.9117522,5740855029,traffic_signals,,POINT (103.9117522 1.4181192)
5740855030,1.4179983,103.9117363,5740855030,traffic_signals,,POINT (103.9117363 1.4179983)
5740855031,1.4179849,103.9118636,5740855031,traffic_signals,,POINT (103.9118636 1.4179849)
242941694,1.3965386,103.9033475,242941694,traffic_signals,,POINT (103.9033475 1.3965386)
3063316239,1.3921061,103.8979907,3063316239,,,POINT (103.8979907 1.3921061)
242941719,1.3973098,103.9037434,242941719,traffic_signals,,POINT (103.9037434 1.3973098)
3063316378,1.3921199,103.8981406,3063316378,,,POINT (103.8981406 1.3921199)
